{"categories":[{"parentId":null,"reserved":false,"sortNumber":0,"categoryId":"im_accel_studio","names":{"zh_CN":{"locale":"zh_CN","value":"根据业务模板进行创建"},"en":{"locale":"en","value":"Create from Business Template"},"ja":{"locale":"ja","value":"業務テンプレートから作成"}},"descriptions":{"zh_CN":{"locale":"zh_CN","value":"根据业务模板创建的实体类别。"},"en":{"locale":"en","value":"This entity category was created from a business template."},"ja":{"locale":"ja","value":"業務テンプレートから作成されたエンティティカテゴリです。"}},"defaultName":"業務テンプレートから作成","description":"業務テンプレートから作成されたエンティティカテゴリです。","type":"entityset-entity-category","defaultDescription":"業務テンプレートから作成されたエンティティカテゴリです。"}],"entities":[{"parentId":"im_accel_studio","reserved":false,"sortNumber":0,"id":"Workflow_01_workflow01_ENTITY_000_8h90uq2rj7n1inj","names":{"zh_CN":{"locale":"zh_CN","value":null},"en":{"locale":"en","value":null},"ja":{"locale":"ja","value":null}},"descriptions":{"zh_CN":{"locale":"zh_CN","value":"根据「简单工作流」模板创建的实体。"},"en":{"locale":"en","value":"This is the entity created from a \"Simple Workflow\" template."},"ja":{"locale":"ja","value":"「シンプルなワークフロー」テンプレートから作成されたエンティティです。"}},"enabled":true,"items":[{"id":"simple_workflow-user_data_id","type":"dictionary-item","sortNumber":0,"primaryKey":true,"required":true,"relationId":null,"variableName":null,"array":false},{"id":"Workflow_01_memo_DICTIONARY_001_8h90uq2cb7n19nj","type":"dictionary-item","sortNumber":1,"primaryKey":false,"required":false,"relationId":null,"variableName":null,"array":false}],"defaultName":"workfow01","description":"「シンプルなワークフロー」テンプレートから作成されたエンティティです。","name":"workfow01","type":"entityset-entity","defaultDescription":"「シンプルなワークフロー」テンプレートから作成されたエンティティです。"}],"relations":[],"tableDefinitions":[{"entityId":"Workflow_01_workflow01_ENTITY_000_8h90uq2rj7n1inj","databaseKind":"tenant","connectionId":"","tableName":"workflow01","enableChangeLog":true,"disableDifferenceTable":false,"entitySearchDefinitions":[{"targetId":"simple_workflow-user_data_id","targetType":"dictionary-item","searchType":"exact-match","sortNumber":0}],"externalReferenceDefinitions":null}],"displaysets":null}